Inviato;Ricevuto;
32.213262;32.220163;
32.220163;32.221210;
32.221210;32.222245;
32.222245;32.224493;
32.224493;32.225527;
32.225527;32.227646;
32.227646;32.228151;
32.228151;32.229224;
32.229224;32.230326;
32.230326;32.231638;
