Inviato;Ricevuto;
51.785026;51.785026;
52.560098;52.561667;
53.659658;53.659658;
54.621864;54.622380;
55.367828;55.367828;
