Ricevuto;Inviato;
51.785026;51.785026;
52.560098;52.561667;
53.659658;53.659658;
54.622380;54.622380;
55.367828;55.367828;
56.588081;56.590495;
